﻿<?xml version="1.0" encoding="utf-8"?><bwFonts xmlns:xsi="http://www.w3.org/2001/XMLSchema-instance" xmlns:xsd="http://www.w3.org/2001/XMLSchema" fontfactoryurl="story_content/FontFactory.swf"><font id="00" name="Open SansBold Charset1_ 6BfCDypE3Py"><glyphs><g i="0" c="384" charCode="89" p="%^ODvlwH9eBL9eGF3pGF$vWB$vWBap$v9e5A9e" /><g i="1" c="385" charCode="111" p="#^WA9pWAbrABesfCgtLDgtfFgtUFesyGcryG9pyG7nUF6meF5lKD5leC5lAB6mWA6nWA9p^mK9pmKusBInuRGfwIDfwKBfweAovKyxuWxWs7xir7x9p7xPlSyYjCA5iND5iLF5ifHYiLIOjyJplmK$mmK9p" /><g i="2" c="386" charCode="117" p="#^DH$v%7Hgu%XGgukGdveFKv8EfwKCfwkAfw5zZuTxGtTxfr%Txmi%CBmi%CBkqCBPr7CysFChtODhtnFht3GesMGbrMGNo%MGmi%uKmi%uK$v" /><g i="3" c="387" charCode="32" p="#" /><g i="4" c="388" charCode="109" p="#^aK$v%sG$v%sG1osGzmYFQlsF4loE4lZC4ljC7mGBanGBAp%GB$v%Yx$v%Yxmi%OAmi%iB5k%vB5k3C9j5DDi7E5itF5ixI5iDJ5k%YJ5kvK8jzLDiEM5i_N5iiQ5iuRhjGStkGS5n%GS$v%XO$v%XO1oXOzmrOQlYN4lUM4lxL4lRK3maK1naK9p" /><g i="5" c="389" charCode="115" p="#^tHYrtH2u$F9vyEfwFBfw9Afw6z2w3yRv8xsv%8xosbyTsuzctNAxtMBxtODxtODmsODWrxDFrgDnrBC1rXBGqRAcqgzypxy_oOxqosxIn7xZm7xVl7x5kxy5jXz5ixC5i$E5ikHaj%cGSlaFqlhE8loDSktCSkQASkQALlQAfmmBDmUB_mGDInhFmo0GWoMGtp6HcqtHXqtHYr" /><g i="6" c="390" charCode="116" p="#^IDhtHEht2GSs%2GDvFEfwDCfwoAfwnz7vmy$tmyKr%my9l%Aw9l%AwAj%Dyki%Izsf%4Csf%4Cmi%VFmi%VF9l%4C9l%4CKr4CxswCVsZChtIDht" /><g i="7" c="391" charCode="99" p="#^vDfw7xfw7xfp7xMlSyXjBA5iQD5icG5i4I0j%_GVl5GylkFklAE5lQD5lWA5lWAdpWAetQDetVEetPFYsKGFsFH2s%FHevLGPvQF1wVEfwvDfw" /><g i="8" c="392" charCode="112" p="#^sFfw2DfwGBvu%uBvuGBcwGBuw%GB$B%Yx$B%Yxmi%_Ami%vB7k%GB7k_C5iyF5iZH5ikJZjIKQlIK9pIKlr3KYsqJzueIpv2HfwsFfw^mE4lZC4lkCXlIBNmGBKo%GB7pGBkrkChs_CetpEetVGetVG6pVG5nhG5mGF4lmE4l" /><g i="9" c="393" charCode="108" p="%^GB$vYx$vYx$cGB$c" /><g i="10" c="394" charCode="101" p="#^CDLkqCLkLBvl4Bfm_ADn%cGDnaGfmtFvlNELkCDLk^7EfwQAfwZyru7xCs7xhp7xRlQyZjyA5iAD5itG5i4ILjHJolHJio%HJ6q%UA6qYAIrQBBsJCutiEutxFutDGetKHZsWIps%WIhvYHNvQG0wJFfw7Efw" /><g i="11" c="395" charCode="104" p="#^zK$v%QG$v%QG1oQG4lEE4l3D4lmC8mGBcnGBAp%GB$v%Yx$v%Yx$c%GB$c%GBTgGBkhBB$i%vB5k%IB5kYC5iFF5i3I5ijJojzKHkzK5n" /><g i="12" c="396" charCode="113" p="#^CDkt1FktHFwslGIrpGGp%pGdppG1nJF4m2F7lyD7lWA7lWAfpWAirABjseCktCDkt^hCfwSzfwuyou7xxs7xcp7xSlwy_jWz5imC5iED5iCEBiAF4jjG5k%pG5k%KGmi%UJmi%UJ$B%9G$B%9Ghw9GxvjGeu%9GeuyFdvzEKvADfwhCfw" /><g i="13" c="397" charCode="105" p="#^OxQeOx$cQz$cRB$cRBQeRBHfkBagQAFgQzFgOxFgOxQe^GB$v%Yx$v%Yxmi%GBmi" /><g i="14" c="398" charCode="110" p="#^zK$v%QG$v%QG1oQGzmiGQlNF4lEE4l3D4lmC7mGBanGBAp%GB$v%Yx$v%Yxmi%OAmi%iB5k%vB5k7C6jdDCijE5iIF5i5I5ikJojzKGkzK5n" /><g i="15" c="399" charCode="98" p="#^yF5iZH5ikJ_jIKTlIK9pIKxshJouTHfwsFfw2DfwGBvu%qBvu%OA$v%Yx$v%Yx$c%GB$c%GBqhGBgixB7k%GB7k_C5iyF5i^mE4lZC4lkCXlIBNmGBKo%GB7pGBkrkChs_CetpEetyFetdGbsVG7rVG6pVG5ndG5myF4lmE4l" /><g i="16" c="400" charCode="57344" p="#^vF9l%hC9l%hC$v%yy$v%yy9l%vw9l%vwmj%yymi%yymhyy1fHzYdRATcnDTcjFTcPGsd%SFbgKEQfNDQf_CQfDCighCMghCvh%hCmi%vFmi" /><g i="17" c="401" charCode="114" p="#^AF5ikG5iQGci%yGHl5GAlsFAlGDAlGCvmGBpnGB2p%GB$v%Yx$v%Yxmi%MAmi%kBEk%vBEk8CvjdDOiiE5iAF5i" /><g i="18" c="403" charCode="103" p="#^QJli%QJek%IHNkhIIlhIRmhI2pLGhqdFvrvCvr%QBtr%hBprIARrIAnsIAbtLCbt%4FbtjHbtuI9uGJ6vGJZwGJmzGHGAHF$BYB$B5z$BAx$A4w0A4wdy4w_wRw9wCxkv5zZuxyKu5ybuGxDtGx$sGxds7yIrAybrrzHqmydqJxcp5xao5xMm5xxkyyjj$z5iIC5ihD5i3EciREii4Fli^izXxizIy1A8zMAAz6CAz6EAzeF1znGuynGxxnGLwIFsw1FawDDaw%IBawGAaw_zFwiz8xizXx^FAQmFAXn9BBoGBepICepLDepeEBoKEXnKEQmKEmkICmkFAmkFAQm" /><g i="19" c="404" charCode="46" p="#^qxfuqxdtZxIsxyasAzasBAas8BJsIBftIBfuIBdv8BNvAAkwAzkwyykw_xNvqxevqxfu" /><g i="20" c="405" charCode="69" p="%^wI$vfy$vfy9ewI9ewIfh1Cfh1Cal4Ial4Igo1Cgo1CTswITs" /><g i="21" c="406" charCode="121" p="#^$vmi%4Ami%FC1q_C1r6Dps%aDpsjD8rID1q%eGmi%dKmi%sELxFDTzbCXAJA$BLy$BNx$BSwOB%SwRyxx$yjy$yjz$y2AoyNAOxcBAw%qBVv" /><g i="22" c="407" charCode="97" p="#^CG$v%UF9u%OF9uSElvSDOvTCfwgBfwjzfway7v2x$t2xXr2xMpzyKo5AIn9DBn%wFwn%wFWmwFRkoDRkMBRkyzQl%jyjjGA4iyD4ihG4iLHhjdJtkdJVm%dJ$v^wFHp%4EKpsCNpFBkqTASqTAYrTAxtGCxtZDxtKEOswF2swFPq" /><g i="23" c="408" charCode="57345" p="#^vF9l%hC9l%hC$v%yy$v%yy9l%vw9l%vwmj%yymi%yymhyy1fHzYdRATcnDTcjFTcPGsd%SFbgKEQfNDQf_CQfDCighCMghCvh%hCmi%vFmi^uHQeuH$cwJ$cxL$cxLQexLHf0LagwKFgwJFguHFguHQe^mL$v%EH$v%EHmi%mLmi" /><g i="24" c="409" charCode="100" p="#^hCfwTzfwvyou7xws7xcp7xRlwyZjWz5inC5iYE5ijG5k%rG5k9Gzi9Gnh%9G$c%UJ$c%UJ$v%1H$v%jGeu%9GeuTEfwhCfw^ADht0FhtGFsslGDrpGDp%pGeppG1nJF4m2F7lwD7lhC7lABbmUAenUAfpUAgrABhshChtADht" /><g i="25" c="410" charCode="119" p="%^aJ$v7IerIGclDGcl7E$v7A$vfwmiYzmixBpo#VB0qiCTsnCTs#qCYrOCXp$CVoHEmiNImioKVo#rKapxKIp#EKdqKKPq#RKprWKZr#$Kxs0LTs4LTs#bL$rtLtq#LLXoTLpowNmi9RmieN$v" /><g i="26" c="411" charCode="58" p="#^qxfuqxdtZxIsxyasAzasBAas8BJsIBftIBfuIBdv8BNvAAkwAzkwyykw_xNvqxevqxfu^qxakqx8jZxDixy5iAz5iBA5i8BEiIBajIBakIB9l7BIlzAfmAzfmyyfm_xJlqxalqxak" /><g i="27" c="412" charCode="87" p="#^DP$v%kL$v%VIDmMI7mrIzk7I_i4Isi$H6jIHAkqH1mfHFm%RE$v%yA$v%$v9e%Jz9e%$BUnCCBqTCzsYCTrcDqqtDYoID9o%iG9e%TJ9e%uM9oFMQoVMcqaNAriNzsqNDrHNcqYNNoaOUn%sQ9e%aU9e" /><g i="28" c="413" charCode="107" p="%^xBAo9DvmZGmiaLmiLFhovL$vcH$vhDtqGBLrGB$vYx$vYx$cGB$cGBuluBAo" /><g i="29" c="414" charCode="57346" p="#^vF9l%hC9l%hC$v%yy$v%yy9l%vw9l%vwmj%yymi%yymhyy1fHzYdRATcnDTcjFTcPGsd%SFbgKEQfNDQf_CQfDCighCMghCvh%hCmi%vFmi^bP9l%ZL9l%ZL$v%eI$v%eI9l%bG9l%bGmj%eImi%eImheI1fnJYdxKTc3NTc$OTcvQsd%yPbgqOQftNQfGMQfjMigZLMgZLvh%ZLmi%bPmi" /><g i="30" c="415" charCode="63" p="#^nz4q%nzapnz$nTz8nnAgmIBhl_CnkoDOjODdjODwiODJhcDjhDCUgABUgLzUgpx5i%4wqfOyUdRBUdmEUdRF6fkHjgkHkikHGjJGFk6GDloERmdDInVC9oCCCoCClp%CC4q^_yfu_ydtxzIs4Aas7Bas8CasHCJsfDftfDfufDdvHCNv7Ckw7Bkw5AkwxzNv_yev_yfu" /><g i="31" c="418" charCode="73" p="%^fy$vfy9e1C9e1C$v" /><g i="32" c="419" charCode="118" p="%^cB$v$vmiUzmixC7q#ZCCr4DWs9DWs#dDLrID7qkGmidKmi0F$v" /><g i="33" c="420" charCode="120" p="%^LA1pmwmiAAmidDImVFmi7KmiHF1pkK$v5G$vdDkrlA$v7w$v" /><g i="34" c="421" charCode="67" p="#^QF2hHD2hwCFilBfklB7nlB5tQF5tJH5toK9s%oKkvbIfwuFfwABfwwzUtsxwrsx5nsxjktydiuz7gnB0fhDUdQFUdrIUd3L9f%RJeiQILhPHphPG2hQF2h" /><g i="35" c="422" charCode="80" p="#^1Czm%hDzm1FzmUFTlMGalMGSjMGwi1GUhjFfhLDfh%1Cfh^AKJjAKCmNI8o_GFpFDFp%1CFp%1C$v%fy$v%fy9e%YD9ecH9eUIzfAKYgAKJj" /><g i="36" c="423" charCode="85" p="#^MM9e%MMIpMMHrTLat$KFukJsvFHfwnFfwXBfw1Auu7yJs7yFp%7y9e%UB9e%UB4pUB9rJC7szD4ttF4tkH4t9I6s$I8r$I3p%$I9e" /><g i="37" c="424" charCode="72" p="%^SM$v5J$v5Jjo1Cjo1C$vfy$vfy9e1C9e1C9l5J9l5J9eSM9e" /><g i="38" c="425" charCode="68" p="#^2NVm2NjrxKFt1I$viD$v%fy$v%fy9e%RD9edI9eDKtg2NMi2NVm^6J$m6Jfh2Efh%1Cfh%1CTs%FDTs6JTs6J$m" /><g i="39" c="426" charCode="40" p="#^$w9p$wWlXx6jUyhgGA9e%JD9e$Bwg7BljfA9mfA7pfA7s8BVu2CHxIDYz%GAYzTyTxXx6v$wls$w9p" /><g i="40" c="427" charCode="44" p="#^CBntZARvszdz%MwdzzxZv$x5t%qB5t" /><g i="41" c="428" charCode="86" p="#^qI9e%fM9e%bG$v%3C$v%$v9e%Qz9e%aDNosDJpLDZq3Eds7EIsgEAr2FNo" /><g i="42" c="429" charCode="41" p="#^tD9ptDmswC8vABVxOzYz%MwYzqyIxjzWudA7sdA7pdA9mlzljtywgLw9e%Oz9eBBigxC7jtDXltD9p" /><g i="43" c="430" charCode="79" p="#^rO3nrOureMTt2KfwXFfwRBfwEzTtsxursx1nsxAiFzegSBTdZFTd4KTdfMfgrOCirO3n^qB3nqB2qyCzrHD4tXF4ttK4ttK3ntK1hZF1hJD1hzCyiqB3kqB3n" /><g i="44" c="433" charCode="83" p="#^NI2rNItt1HSuiFfwcCfwlzfw8xav%8xFrYytscAOssB7tuC7tKD7toEFs3Fas3Fer3FIqMEiquEUpVDwplD7pBBioZzxn8zQmky6mRxalmxekmxZimxCgYyffzAUdoDUdNEUd2GdejHyeHI9f%tH5i2Gwh6FhhaE2hhD2hcC2hDByh2B2i2BSi2BmjhBKjwB5k0CskxCOkqEIlWGUmRH5oNIipNI2r" /><g i="45" c="434" charCode="77" p="%^PF$vvB$hoB$h#DBgmDBInDB$vfy$vfy9epD9eDHOrIHOrbM9ekR9ekR$vON$vONyn#ONYmPNam#RNol_N1iTN1igJ$v" /><g i="46" c="435" charCode="71" p="#^1F_l%6M_l%6MevoKOvSI0wlHfwLFfwJBfwAzTtsxvrsx2nsxKiWzjgoCUdNGUdxJUd4M_e%QK1iTI2hLG2hiE2hPCIilBlklB7nlB1qxCzrKD5t$F5tbH5tpIRs%pI8p%1F8p" /><g i="47" c="436" charCode="47" p="%^cG9eyz$vaw$vQC9e" /><g i="48" c="437" charCode="82" p="#^1C4m%fD4m2F4mUFulLGTkLGBjLGkiTFOh$EfhaDfh%1Cfh^1C9p%1C$v%fy$v%fy9e%rD9e4H9eQIufAKPgAKvjAK4lIJjmRIxnfHeohLfuvM$v%iI$v%2E9p" /><g i="49" c="438" charCode="65" p="#^aJ$v%THLr%nBLr%4A$v%$v$v%iC4e%WG4e%fN$v^ZGAobFOiYE2iKEhhDERgeEpikCAo" /></glyphs></font><font id="10" name="Open Sans Charset1_ 6aGgmtJIivL"><glyphs><g i="0" c="384" charCode="79" p="#^XN3nXNlrMLOtCJfwLFfwPBfwGzRtxxqrxx1nxxGiGzhgQBTdNFTdDJTdNLkgXNMiXN3n^Jz3nJzHqgBzsPCruLFruJIrueKAsLLIqLL3nLLsjeKBhKIKfNFKfPCKfgBChJzujJz3n" /><g i="1" c="385" charCode="75" p="%^lL$vVI$voClnxA$oxA$vsy$vsy9exA9exA$mDI9e4L9eUDVl" /><g i="2" c="386" charCode="89" p="%^$C4nLH9e$J9e2E4p2E$vXB$vXBap$v9egy9e" /><g i="3" c="387" charCode="101" p="#^ODfwQAfw6zsupxEspxqppxbm$yhkBAnihDniOFnifH1kJIHlJIoo%JIGp%vzGpzz1sHAgtQBuuTDuu1Guu9IAt%9Iov4HRv6G2w9FfwODfw^fD4kEB4kGA7lJzamyz1o%yG1oyG6mHF5lRE4kfD4k" /><g i="4" c="388" charCode="115" p="#^NGmsNGduoFev$DfwuBfwPyfwkxpv%kxwtiy0uoziuvAAuxBAu6DAuZD4uQEztQExsQELr8EbrtDDqvBTpEzapRyFo3y8oGxunixQmixVlixgkDykjYznigCnirEnivGfj%NFVkMD4k7C4kHA4kYzxkdz_kdzMldzjmuzHmMz3nnApn_ALnJCoo6FgpXF8qNG0rNGms" /><g i="5" c="389" charCode="78" p="%^oM$v0K$vgA1haA1h#nAFjnASlnA$vsy$vsy9eOA9ewK4tDK4t#BKKsvKYq#qKapsKoosK9eoM9e" /><g i="6" c="390" charCode="111" p="#^HJipHJAs1IquoGfwuDfwIBfwjApvWyzu9y_spxprpxippx1m1zckGAniADnioGni1IfkHJ6mHJip^vzipvzSrwActyByuyDyuxFyuzGdtBHTrBHipBHLmzGqlxF5kwD5kxB5kwAplvzImvzip" /><g i="7" c="391" charCode="84" p="%^YD$vTB$vTB$fdw$fdw9eBJ9eBJ$fYD$f" /><g i="8" c="392" charCode="104" p="#^iH$v%iHmniHJlyGWkPF6keE6k6C6k8BglaApmaA0p%aA$v%9y$v%9y$c%aA$c%aALiaAOj4Auk%cAukOAwjUBZi$CpiqEpiTGpi5IAjkJKkkJhn%kJ$v" /><g i="9" c="393" charCode="32" p="#" /><g i="10" c="394" charCode="67" p="#^5GLf9DLfsBJhLzGjLz4nLzAqoBvs1Dpu3GpuXHpukKKt%kKyvtIfwLFfwPBfwGzStxxtrxx2nxxikzydiBz8gxB0fuDUd6GUdWIUd0LWe%8KIg7ILf5GLf" /><g i="11" c="395" charCode="80" p="#^MJmjMJ3mVHxn3G_oDC_o%xA_o%xA$v%sy$v%sy9e%4D9eMJ9eMJmj^xAcn%oCcn9FcnoGjmDHqlDHsjDHHhsGQgiFYfRCYf%xAYf" /><g i="12" c="396" charCode="85" p="#^XL9e%XLIpXLMs5KwufIfw0FfwOBfw1AvugyKsgyFp%gy9e%lA9e%lAPplA2szBftNCru9FruqHruEIetSJ1sSJNp%SJ9e" /><g i="13" c="397" charCode="44" p="#^gA5t%sAnt8ABuxzcwXyQxiydz%Mwdz5xYxux4wUxdu2y5t" /><g i="14" c="398" charCode="99" p="#^vDfwBAfw$ytupxGspxoppx1m0zckEAniDDniBEnizFBixGOi4H4j%sGOkNFxk_EmkbEakADakvzakvznpvzRrvAatvBuusDuu7FuuTGMt%TGzvxFfwvDfw" /><g i="15" c="399" charCode="110" p="#^iH$v%iHlniHIlyGVkPF5keE5k7C5k8BelaAmmaA_o%aA$v%9y$v%9yDi%OzDi%7Ask%dAskRAtjZBWi5DnitEniUGni6IyjkJIkkJgn%kJ$v" /><g i="16" c="400" charCode="116" p="#^tCAu0DAuwDvu0EquiEku%iEUvZD2wkD8wHCfwaCfwiyfwiy9s%iyck%nwck%nwej%iyoi%9zxf%kAxf%kADi%cEDi%cEck%kAck%kA4skAhtUAXttBAutCAu" /><g i="17" c="401" charCode="114" p="#^fEni8FniRFwi%zFpkKEdk6EdkuCdkkBylaASmaAQo%aA$v%8y$v%8yDi%PzDi%2A5l%9A5lUAOjXB5j$CnifEni" /><g i="18" c="403" charCode="97" p="#^nG$v%ZF5u%TF5uTEmvTDPvUCfwoBfwpzfwgyev8xcu8xjs8xfoDD3o%VF_n%VF9nVFAldFQkyE4k3D4koB4kgz6l%FyyjEz0jPAJi$BpiaDpiAFpiJGtjTHxkTHTm%TH$v^OBAuHDAuMEytSFvsSFDq%SFqp%QDvppBBpkAgqgzWqgzksgzrtXz0uCAAuOBAu" /><g i="19" c="404" charCode="108" p="%^aA$v9y$v9y$caA$c" /><g i="20" c="405" charCode="112" p="#^nEfw3Dfw_BMvVAhvaAhu%1AhuaAsvaAvw%aA$B%8y$B%8yDi%OzDi%4Ask%aAskYAmj_BTi1DninEni1HnitIckWJ0mWJipWJBssIqu_GfwnEfw^4E5k1C5k6BelcAmmaARo%aAipaA6s6Bkt2Cyu7EyuSFyuRG8tQHKrQHgpQHMmRGrlSF5k4E5k" /><g i="21" c="406" charCode="105" p="#^aA$v%9y$v%9yDi%aADi^_x$e_xiejy_dFyFdazFdFzFd0A_dnAjenA$enAHf0A1gFzmgazmgFymgjy1g_xHf_x$e" /><g i="22" c="407" charCode="103" p="#^6JDi%6JVj%DGckZGDkeHjlvH$lvHTmvHQo9G$pPEartCarTBarlB4r2AMr2AOs2AltvACtYATt3CTt%qETtBGTtMHOuXIIvXIsxXIGz9HQAnF$BYB$Bkz$BUx0Btw2Atwgytw2xfx9w2ygvszYuXyJuByeufyKtfy5tfymsEyPr1zgrTzLqQyjqayipxxgoxxYmxxLkRyzjaAniACniEDnitEDi^qyeyqykzlzUzgAsAZBsAxEsALFHz_GWy_GDx_GxwjG6wEFHvNDHv%lBHvZzHvbzlwqy$wqyey^xzVmxzjojA1p6BLpxCLpvFLpvFTmvFSjvCSj3BSjiADkxzolxzVm" /><g i="23" c="408" charCode="117" p="#^2ADi%2Air2AXsOALtyByu7DyueFyucGptaHfsaHFp%aHDi%bJDi%bJ$v%wH$v%eHdu%7HduvGcvoFKvhEfwTCfwrAfwdz5v$xXt$xnr%$xDi" /><g i="24" c="409" charCode="8220" p="#^YAgk%MA$jsBnhXC9e%rE9e4EzfJDkhmD4jcDgk^swgk%jw$jAwViaxghMxDfsy9e%Yz9e9zfhIygk" /><g i="25" c="410" charCode="98" p="#^nEpi$GpisIckWJ$lWJipWJBssIqu_GfwnEfw3Dfw_BMvVAhvaAhu%1Ahu%Bz$v%8y$v%8y$c%aA$c%aADhaAaj4Apk%aApkBBpinEpi^4E6k$B6k4BilaAumaAipaA7s6Blt2Cyu7Eyu$FyuVGbtQHQrQHhpQHGmVGol$F6k4E6k" /><g i="26" c="411" charCode="8221" p="#^Mz9e%YzqeEzEf1zghryTiOxgk%jwgk9xOgyx9e^hE9e%rEqe9ExfzD9h_CNiiCgk%MAgk5B2juBahUBif2C9e" /><g i="27" c="412" charCode="57344" p="#^aEbk%MAbk%MA$v%Ly$v%Lybk%mwbk%mwhj%Lyyi%LyOhLyTc3DTc6ETcyFid%0FWeRDye0DyeTByejBjfMA4gMALh%MADi%aEDi" /><g i="28" c="413" charCode="109" p="#^cP$v%cPincPHlwOUkQN5koM5kvK5kBJblHIgmHIxo%HI$v%GG$v%GGinGGHl_FUkiF5kRD5kXB5k2BelaAnmaA_o%aA$v%8y$v%8yDi%OzDi%7Ask%dAskOAtjRBWiUCniaEnijHnihIFk%nIFkZIBj6K_ifLniIMniZOni5QyjdRIkdRgn%dR$v" /><g i="29" c="414" charCode="46" p="#^SxIuSxUtdyttBy2tiz2t$z2toAttOAUtOAIuOAvvoAXv$zmwizmwGymwgy_vSxBvSxIu" /><g i="30" c="415" charCode="160" p="#" /><g i="31" c="418" charCode="8217" p="#^Nz9e%YzqeEzEf1zghryTiOxgk%jwgk9xOgyx9e" /><g i="32" c="419" charCode="100" p="#^fHcu%8HcuKFfwXCfwjAfwSysupxFspxlppx1mSyckkAniXCniFFni6Hmk%gHmk%bHoj%8Hsi%8H$c%aJ$c%aJ$v%wH$v^cDyugFyucGqt8His8HNp%8Hlp8HvmbGilfF4kaD4koB4krAtlvzRmvznpvzXrrAftnByucDyu" /><g i="33" c="420" charCode="121" p="#^1wDi%cyDi%7Bfq5CSskC0u%qC0uACot4DUrBDoqoGDi%zIDi%QCSxZB6AQA2BHz$B1y$B5x$BbwOB%bwaASwjAIxjANzjAGAZx%qB3w" /><g i="34" c="421" charCode="77" p="%^mG$viAbgcAbg#nA3inAFknA$vsy$vsy9eAB9eeHTskHTs1N9e8Q9e8Q$v3O$v3Ovk#3OxieOcg8Ocg1I$v" /><g i="35" c="422" charCode="118" p="%^4B$v$vDiayDi3Bzq#1CltcCauiCau#rCwt8Dur#SDspmGDixIDisD$v" /><g i="36" c="423" charCode="119" p="%^4J$vDG9o#oGrnLFTkFFTk#aF0nPEaohC$vXz$vhwDipyDi#IzGnnAjq#3BXs9BStfBSt#oB9tHB3s#_BYqcCiqFEDiSGDifJiq#XJpsaKQthKQt#kKotxKus#LKzr4NDibPDiuL$v" /><g i="37" c="424" charCode="120" p="%^nB9pJwDi1zDiyCLn3GDilIDiID9pBI$viG$vyCAqMy$vtw$v" /><g i="38" c="425" charCode="122" p="%^IG$v$w$v$wDuiEcksxcksxDiwGDiwGckjzquIGqu" /><g i="39" c="426" charCode="73" p="%^sy$vsy9exA9exA$v" /><g i="40" c="427" charCode="69" p="%^pI$vsy$vsy9epI9epI$fxA$fxALlWHLlWHAnxAAnxA8upI8u" /><g i="41" c="428" charCode="107" p="#^9A8pGApoLBcn%4GDi%uIDi%3Dko%SI$v%pG$v%GBGp%9A_q%9A$v%9y$v%9y$c%9A$c%9A4n9ALn2A8p" /><g i="42" c="429" charCode="57346" p="#^EMbk%eJbk%eJ$v%dH$v%dHbk%QEbk%QEhj%dHyi%dHOhdHTcxLTcAMTc0Oid%uNWejMyeuLyelKyeNJjfeJ4geJLh%eJDi%EMDi^aEbk%MAbk%MA$v%Ly$v%Lybk%mwbk%mwhj%Lyyi%LyOhLyTc3DTc6ETcyFid%0FWeRDye0DyeTByejBjfMA4gMALh%MADi%aEDi" /><g i="43" c="430" charCode="87" p="#^1O$v%ZL$v%nI2k7IfjOH2iuHRgtHBgcHciDG7k%7D$v%4B$v%kw9e%xy9e%lBapXBvrcCntxC8raD$o%nG9e%AI9e%WL6pwM$qWMnt8NErON9p%CQ9e%OS9e" /><g i="44" c="433" charCode="53" p="#^OC6lDF6leHwmSIVnSIkqSI6t5HHukFfwdCfwdzfwDxhv%DxktuyTtLzbu0BvufCvupEvuBFutNGtsNGzqNGQmcCQm2BQm5zbn%2ywm%Jy9e%BH9e%BH1g%sA1g%$zolpB6lOC6l" /><g i="45" c="434" charCode="52" p="%^OJVr8HVr8H$vcF$vcFVrxwVrxw8q$E3e8H3e8H3qOJ3q^cF3qcF7k#cFoikFbgeFbg#EEmh7E7iyy3q" /><g i="46" c="435" charCode="48" p="#^2J3n2JHrBHZt8Gfw7DfwfAfwLyWtfxArfx3nfxoiIy8g9ATd7DTd1GTdxHeg2JBi2J3n^iz3nizYqcAKs7Bvu7Dvu9Fvu3GIsZGVqZG3nZGdj3Grh9FEf7DEf7BEfcAphizajiz3n" /><g i="47" c="436" charCode="82" p="#^xAAo%xA$v%sy$v%sy9e%lD9eDG9ebIqfMJGgMJcjMJKmbG_n%1L$v%AI$v%fEAo^xAOm%nDOmzFOmBGWlDH2lDHijDHxhAGLgxFZfdDZf%xAZf" /><g i="48" c="437" charCode="55" p="%^uz$vTG1g8x1g8x9e1J9e1JNfJB$v" /><g i="49" c="438" charCode="50" p="#^YI$v%dx$v%dxfu%WBxp4EmnLErmrFvlNFDk7GKj7GJi7GihfFtgoEDfRCDfKBDfKA$fLzmgxykh%sxXfWzUdQCUdlFUdMGbfcItgcIEicIlkfH$liGFnGDcq%Mz1u%Mz7u%YI7u" /><g i="50" c="439" charCode="59" p="#^hA5t%sAnt8ABuxzcwXyQxiydz%Mwdz5xYxux4wUxdu2y5t^OxXjOxhifzhiLAhiLAXjLAJklA9lXzAlfzAlyyAlay9lOxJkOxXj" /><g i="51" c="440" charCode="65" p="%^HJ$vsHkqiAkq5y$v$v$v3D4ePE4eQL$v^PGsoKEWi#kEThVDlg#EDwh7DWi1Bso" /><g i="52" c="441" charCode="68" p="#^HMVmHMkrhKGtUH$voD$v%sy$v%sy9e%WD9e4I9enKtgHMMiHMVm^vK_mvKujLIJh$GYfyDYf%xAYf%xAcu%2DcuMGcuDIosvKzqvK_m" /><g i="53" c="442" charCode="86" p="#^EI9e%TK9e%rE$v%oC$v%$v9e%cy9e%iCIp$CHrqDAtSDBrzEDp" /><g i="54" c="443" charCode="66" p="#^sy9e%vD9e2H9eDIdfdKhgdKAidK9kkJclsIemLGxm%LGFmQKlnQKWqQKjtcJFuBH$vHE$v%sy$v^xAOl%YDOl8GOl6H6l4Iqk4INi4Ihh$GDgWFYfADYf%xAYf^xAzn%xAeu%fEeuqGeuvHptBIzsBINqBI7ptHlomGzn4Ezn" /><g i="55" c="444" charCode="45" p="%^1xeq1xno0Dno0Deq" /><g i="56" c="445" charCode="83" p="#^wIfrwICtPGXu6FfwaCfw$yfwixrv%ixrtoyVtHzau_ArufCrukErunFFtqGSsqGsrqGwq2GXpGFlpOERoXDko9CInFzPmByBlxxmkxxoixxkg4z6fDAUdaDUdRFUd4ITe%qHGgdFLf7DLfuBLfyAtgDzahDzqiDzljZzXjjAxk7B1lXBxlCD7mpG7nsHhowIqpwIfr" /><g i="57" c="446" charCode="40" p="#^$w9p$wWlXx6jUyhgGA9e%EC9eUAwg$zlj7z9m7z7p7z3s0ASuWAExDCYz%GAYzTyTxXx6v$wls$w9p" /><g i="58" c="447" charCode="41" p="#^oC9poCmsrB8vvAVxJyYz%MwYztyFxmzSugA3sgA7pgA9mnzljvywgLw9e%Jy9ewAigsB7joCXloC9p" /><g i="59" c="448" charCode="71" p="#^iGFm%nMFm%nMkvYKNvuJ0w1Ifw5Gfw2CfwNzRtxxqrxx4nxxikEyciMz5gSB$eYDUdNGUdEJUd6MXe%iLNgTILfEGLfoDLfyBIhJzEjJz4nJzIquBAsfDruGGruxIruiK0u%iKwo%iGwo" /><g i="60" c="449" charCode="51" p="#^hIlihI3kjH9lmGemCECm%CEImLGZmNH4oQIapQIYqQIvt3HTuiFfw1CfwCAfwrz1wgyQv8xhv%8xmtjyXtDzeuXAxu6CxuKGxuKGVqKGFnDBFn%TzFn%TzVl%FBVlKDVlYE_kbG3kbGqibG6hhFngoEDfRCDfGBDfEAYfCzgggy6h%fxLflyTeNzoedBUdOCUdpFUdRG5fhIhghIli" /><g i="61" c="450" charCode="106" p="#^xw$Bmv$BEuIB%Eu2AuviAjwiAgxiAIxNz9ygz9ycy%9yDi%aADi%aA2yaA$Bxw$B^_x$e_xiejy_dFyFdazFdFzFd0A_dnAjenA$enAHf0A1gFzmgazmgFymgjy1g_xHf_x$e" /><g i="62" c="451" charCode="57345" p="#^aEbk%MAbk%MA$v%Ly$v%Lybk%mwbk%mwhj%Lyyi%LyOhLyTc3DTc6ETcyFid%0FWeRDye0DyeTByejBjfMA4gMALh%MADi%aEDi^EI$v%DG$v%DGDi%EIDi^sG$esGieNG_d7HFdEHFd7IFduI_dRIjeRI$eRIHfuI1g7ImgEHmg7HmgNG1gsGHfsG$e" /></glyphs></font></bwFonts>