﻿<?xml version="1.0" encoding="utf-8"?><meta xmlns:xsi="http://www.w3.org/2001/XMLSchema-instance" xmlns:xsd="http://www.w3.org/2001/XMLSchema"><project id="6apUTF82zEx" courseid="5t5OYZkfwUs_course_id" thumburl="story_content/thumbnail.jpg" title="F&amp;B_C04_LM04_2" datepublished="2017-10-26T23:36:41" version="1.0.0.0" flashdata="story_content/data.swf" html5data="mobile/data.json" mobiledata="mobile/data.gz" enabledownload="false" duration="About 40 seconds" totalaudio="0" totalvideo="0"><description>Practice Activity</description><keywords /><slidemeta moniker="slide" monikerplural="slides" viewslides="8" slidecountdescription="8 slides" /><author name="Edwin Merced" email="" website="" /><application name="Articulate Storyline" version="3.9.13567.0" xmlversion="4.0" /></project></meta>