<?xml version="1.0" encoding="utf-8"?>
<manifest identifier="_5vP4K9cCG6f_course_id" version="1.0" xmlns="http://www.imsproject.org/xsd/imscp_rootv1p1p2" xmlns:adlcp="http://www.adlnet.org/xsd/adlcp_rootv1p2" xmlns:xsi="http://www.w3.org/2001/XMLSchema-instance" xsi:schemaLocation="http://www.imsproject.org/xsd/imscp_rootv1p1p2 imscp_rootv1p1p2.xsd http://www.imsglobal.org/xsd/imsmd_rootv1p2p1 imsmd_rootv1p2p1.xsd http://www.adlnet.org/xsd/adlcp_rootv1p2 adlcp_rootv1p2.xsd">
  <metadata>
    <schema>ADL SCORM</schema>
    <schemaversion>1.2</schemaversion>
    <lom xmlns="http://www.imsglobal.org/xsd/imsmd_rootv1p2p1" xmlns:xsi="http://www.w3.org/2001/XMLSchema-instance" xsi:schemaLocation="http://www.imsglobal.org/xsd/imsmd_rootv1p2p1 imsmd_rootv1p2p1.xsd">
      <general>
        <title>
          <langstring xml:lang="x-none">C06_Game_Interaction_Computer_Parts</langstring>
        </title>
        <description>
          <langstring xml:lang="x-none">Interactive Exercise</langstring>
        </description>
      </general>
      <lifecycle>
        <version>
          <langstring xml:lang="x-none">1</langstring>
        </version>
        <status>
          <source>
            <langstring xml:lang="x-none">LOMv1.0</langstring>
          </source>
          <value>
            <langstring xml:lang="x-none">Final</langstring>
          </value>
        </status>
      </lifecycle>
      <metametadata>
        <metadatascheme>ADL SCORM 1.2</metadatascheme>
      </metametadata>
      <educational>
        <typicallearningtime>
          <datetime>PT0H0M0S</datetime>
        </typicallearningtime>
      </educational>
      <rights>
        <cost>
          <source>
            <langstring xml:lang="x-none">LOMv1.0</langstring>
          </source>
          <value>
            <langstring xml:lang="x-none">yes</langstring>
          </value>
        </cost>
        <copyrightandotherrestrictions>
          <source>
            <langstring xml:lang="x-none">LOMv1.0</langstring>
          </source>
          <value>
            <langstring xml:lang="x-none">yes</langstring>
          </value>
        </copyrightandotherrestrictions>
      </rights>
    </lom>
  </metadata>
  <organizations default="C06_Game_Interaction_Computer_Parts_ORG">
    <organization identifier="C06_Game_Interaction_Computer_Parts_ORG">
      <title>C06_Game_Interaction_Computer_Parts</title>
      <item identifier="C06_Game_Interaction_Computer_Parts_SCO" isvisible="true" identifierref="__5vP4K9cCG6f_course_id_RES">
        <title>C06_Game_Interaction_Computer_Parts</title>
      </item>
    </organization>
  </organizations>
  <resources>
    <resource identifier="__5vP4K9cCG6f_course_id_RES" type="webcontent" href="index_lms.html" adlcp:scormtype="sco">
      <file href="story_content/thumbnail.jpg" />
      <file href="story_content/69GA0dYfe8G_DX808_DY808.swf" />
      <file href="mobile/69GA0dYfe8G_DX808_DY808_CX606_CY448.png" />
      <file href="mobile/69GA0dYfe8G_DX808_DY808_CX606_CY448.swf" />
      <file href="story_content/5sYBycUgNnf_DX882_DY882.swf" />
      <file href="mobile/5sYBycUgNnf_DX882_DY882_CX43_CY36.png" />
      <file href="mobile/5sYBycUgNnf_DX882_DY882_CX43_CY36.swf" />
      <file href="story_content/5sY1s1SRTsp_DX34_DY34.swf" />
      <file href="mobile/5sY1s1SRTsp_DX34_DY34_CX25_CY25.png" />
      <file href="mobile/5sY1s1SRTsp_DX34_DY34_CX25_CY25.swf" />
      <file href="mobile/5sYBycUgNnf_DX882_DY882_CX72_CY60.png" />
      <file href="mobile/5sYBycUgNnf_DX882_DY882_CX72_CY60.swf" />
      <file href="mobile/5sYBycUgNnf_DX882_DY882_CX144_CY120.png" />
      <file href="mobile/5sYBycUgNnf_DX882_DY882_CX144_CY120.swf" />
      <file href="mobile/5sYBycUgNnf_DX882_DY882_CX101_CY84.png" />
      <file href="mobile/5sYBycUgNnf_DX882_DY882_CX101_CY84.swf" />
      <file href="mobile/5sYBycUgNnf_DX882_DY882_CX55_CY46.png" />
      <file href="mobile/5sYBycUgNnf_DX882_DY882_CX55_CY46.swf" />
      <file href="mobile/5sYBycUgNnf_DX882_DY882_CX124_CY103.png" />
      <file href="mobile/5sYBycUgNnf_DX882_DY882_CX124_CY103.swf" />
      <file href="mobile/5sYBycUgNnf_DX882_DY882_CX32_CY27.png" />
      <file href="mobile/5sYBycUgNnf_DX882_DY882_CX32_CY27.swf" />
      <file href="story_content/66r0LeYtV5C_DX810_DY810.swf" />
      <file href="mobile/66r0LeYtV5C_DX810_DY810_CX183_CY512.png" />
      <file href="mobile/66r0LeYtV5C_DX810_DY810_CX183_CY512.swf" />
      <file href="story_content/6Zce8oc4mAE_DX1440_DY1440.swf" />
      <file href="mobile/6Zce8oc4mAE_DX1440_DY1440_CX979_CY607.png" />
      <file href="mobile/6Zce8oc4mAE_DX1440_DY1440_CX979_CY607.swf" />
      <file href="story_content/5sYBycUgNnf_DX884_DY884.swf" />
      <file href="mobile/5sYBycUgNnf_DX884_DY884_CX662_CY552.png" />
      <file href="mobile/5sYBycUgNnf_DX884_DY884_CX662_CY552.swf" />
      <file href="story_content/6KNseJN80lJ_DX482_DY482.swf" />
      <file href="mobile/6KNseJN80lJ_DX482_DY482_CX361_CY209.png" />
      <file href="mobile/6KNseJN80lJ_DX482_DY482_CX361_CY209.swf" />
      <file href="story_content/5qSlbqzl9sZ_DX612_DY612.swf" />
      <file href="mobile/5qSlbqzl9sZ_DX612_DY612_CX459_CY282.png" />
      <file href="mobile/5qSlbqzl9sZ_DX612_DY612_CX459_CY282.swf" />
      <file href="story_content/6ThTmLk3UnP_P_0_0_350_239_DX560_DY560.swf" />
      <file href="mobile/6ThTmLk3UnP_P_0_0_350_239_DX560_DY560_CX350_CY239.png" />
      <file href="mobile/6ThTmLk3UnP_P_0_0_350_239_DX560_DY560_CX350_CY239.swf" />
      <file href="story_content/5YRwjEqHMGj_DX624_DY624.swf" />
      <file href="mobile/5YRwjEqHMGj_DX624_DY624_CX468_CY305.png" />
      <file href="mobile/5YRwjEqHMGj_DX624_DY624_CX468_CY305.swf" />
      <file href="story_content/6msCEOoui6K_DX408_DY408.swf" />
      <file href="mobile/6msCEOoui6K_DX408_DY408_CX306_CY256.png" />
      <file href="mobile/6msCEOoui6K_DX408_DY408_CX306_CY256.swf" />
      <file href="story_content/6EgOc4aIKDt_DX586_DY586.swf" />
      <file href="mobile/6EgOc4aIKDt_DX586_DY586_CX438_CY292.png" />
      <file href="mobile/6EgOc4aIKDt_DX586_DY586_CX438_CY292.swf" />
      <file href="story_content/6loW781GusA_DX532_DY532.swf" />
      <file href="mobile/6loW781GusA_DX532_DY532_CX398_CY271.png" />
      <file href="mobile/6loW781GusA_DX532_DY532_CX398_CY271.swf" />
      <file href="meta.xml" />
      <file href="story_content/FontFactory.swf" />
      <file href="story_content/fonts.swf" />
      <file href="story_content/fonts.xml" />
      <file href="story_content/frame.xml" />
      <file href="story_content/frame.json" />
      <file href="story_content/user.js" />
      <file href="mobile/app_store.png" />
      <file href="mobile/mobile_icon.png" />
      <file href="mobile/linen_background.jpg" />
      <file href="story.swf" />
      <file href="story_content/frame.swf" />
      <file href="story_content/slides/6jVhWfaoeHi.swf" />
      <file href="mobile/slides/6jVhWfaoeHi.gz" />
      <file href="story_content/data.swf" />
      <file href="mobile/data.gz" />
      <file href="html5/data/css/output.min.css" />
      <file href="html5/data/js/6jVhWfaoeHi.js" />
      <file href="html5/data/js/data.js" />
      <file href="html5/data/js/frame.js" />
      <file href="html5/data/js/paths.js" />
      <file href="html5/lib/scripts/app.min.js" />
      <file href="html5/lib/stylesheets/main.min.css" />
      <file href="html5/lib/stylesheets/mobile-fonts/open-sans-bold.woff" />
      <file href="html5/lib/stylesheets/mobile-fonts/open-sans-light.woff" />
      <file href="html5/lib/stylesheets/mobile-fonts/open-sans-regular.woff" />
      <file href="story.html" />
      <file href="story_flash.html" />
      <file href="story_html5.html" />
      <file href="story_content/blank.html" />
      <file href="story_content/story.js" />
      <file href="amplaunch.html" />
      <file href="mobile/mobileinstall.html" />
      <file href="index_lms.html" />
      <file href="index_lms_html5.html" />
      <file href="index_lms_flash.html" />
      <file href="lms/AICCComm.html" />
      <file href="lms/AICCFunctions.js" />
      <file href="lms/API.js" />
      <file href="lms/APIConstants.js" />
      <file href="lms/blank.html" />
      <file href="lms/browsersniff.js" />
      <file href="lms/Configuration.js" />
      <file href="lms/goodbye.html" />
      <file href="lms/lms.js" />
      <file href="lms/LMSAPI.js" />
      <file href="lms/NONEFunctions.js" />
      <file href="lms/SCORM2004Functions.js" />
      <file href="lms/SCORMFunctions.js" />
      <file href="lms/UtilityFunctions.js" />
    </resource>
  </resources>
</manifest>