﻿<?xml version="1.0" encoding="utf-8"?><meta xmlns:xsi="http://www.w3.org/2001/XMLSchema-instance" xmlns:xsd="http://www.w3.org/2001/XMLSchema"><project id="5i0cMduNGx9" courseid="5vP4K9cCG6f_course_id" thumburl="story_content/thumbnail.jpg" title="C06_Game_Interaction_Computer_Parts" datepublished="2017-10-26T23:49:47" version="1.0.0.0" flashdata="story_content/data.swf" html5data="mobile/data.json" mobiledata="mobile/data.gz" enabledownload="true" duration="About 6 seconds" totalaudio="0" totalvideo="0"><description>Interactive Exercise</description><keywords /><slidemeta moniker="slide" monikerplural="slides" viewslides="1" slidecountdescription="1 slide" /><author name="" email="" website="" /><application name="Articulate Storyline" version="3.9.13567.0" xmlversion="4.0" /></project></meta>