<?xml version="1.0" encoding="utf-8"?>
<manifest identifier="_5rq6gnAVNNq_course_id" version="1.0" xmlns="http://www.imsproject.org/xsd/imscp_rootv1p1p2" xmlns:adlcp="http://www.adlnet.org/xsd/adlcp_rootv1p2" xmlns:xsi="http://www.w3.org/2001/XMLSchema-instance" xsi:schemaLocation="http://www.imsproject.org/xsd/imscp_rootv1p1p2 imscp_rootv1p1p2.xsd http://www.imsglobal.org/xsd/imsmd_rootv1p2p1 imsmd_rootv1p2p1.xsd http://www.adlnet.org/xsd/adlcp_rootv1p2 adlcp_rootv1p2.xsd">
	<metadata>
		<schema>ADL SCORM</schema>
		<schemaversion>1.2</schemaversion>
		<lom xmlns="http://www.imsglobal.org/xsd/imsmd_rootv1p2p1" xmlns:xsi="http://www.w3.org/2001/XMLSchema-instance" xsi:schemaLocation="http://www.imsglobal.org/xsd/imsmd_rootv1p2p1 imsmd_rootv1p2p1.xsd">
			<general>
				<title>
					<langstring xml:lang="x-none">F&amp;B_C01_LM04_1</langstring>
				</title>
				<description>
					<langstring xml:lang="x-none">Practice Activity</langstring>
				</description>
				<keyword>
				  	<langstring xml:lang="x-none">Food and Beverage </langstring>
        			</keyword>
			</general>
			<lifecycle>
				<version>
					<langstring xml:lang="x-none">1</langstring>
				</version>
				<status>
					<source>
						<langstring xml:lang="x-none">LOMv1.0</langstring>
					</source>
					<value>
						<langstring xml:lang="x-none">Final</langstring>
					</value>
				</status>
			</lifecycle>
			<metametadata>
				<metadatascheme>ADL SCORM 1.2</metadatascheme>
			</metametadata>
			<educational>
				<typicallearningtime>
					<datetime>PT0H0M0S</datetime>
				</typicallearningtime>
			</educational>
			<rights>
				<cost>
					<source>
						<langstring xml:lang="x-none">LOMv1.0</langstring>
					</source>
					<value>
						<langstring xml:lang="x-none">yes</langstring>
					</value>
				</cost>
				<copyrightandotherrestrictions>
					<source>
						<langstring xml:lang="x-none">LOMv1.0</langstring>
					</source>
					<value>
						<langstring xml:lang="x-none">yes</langstring>
					</value>
				</copyrightandotherrestrictions>
			</rights>
		</lom>
	</metadata>
	<organizations default="F&amp;B_C01_LM04_1_ORG">
		<organization identifier="F&amp;B_C01_LM04_1_ORG">
			<title>F&amp;B_C01_LM04_1</title>
			<item identifier="F&amp;B_C01_LM04_1_SCO" isvisible="true" identifierref="__5rq6gnAVNNq_course_id_RES">
				<title>F&amp;B_C01_LM04_1</title>
				<adlcp:masteryscore>80</adlcp:masteryscore>
			</item>
		</organization>
	</organizations>
	<resources>
	    <resource identifier="__5rq6gnAVNNq_course_id_RES" type="webcontent" href="index_lms.html" adlcp:scormtype="sco">
		<file href="story_content/thumbnail.jpg"/>
<file href="story_content/67EnI2Y8qgN_80_P_234_150_433_266_DX1912_DY1912.swf"/>
<file href="mobile/67EnI2Y8qgN_80_P_234_150_433_266_DX1912_DY1912_CX434_CY266.png"/>
<file href="story_content/6mTr4huG97X_80_DX1058_DY1058.swf"/>
<file href="mobile/6mTr4huG97X_80_DX1058_DY1058_CX511_CY791.png"/>
<file href="story_content/616AEqATwT1_80_DX990_DY990.swf"/>
<file href="mobile/616AEqATwT1_80_DX990_DY990_CX336_CY742.png"/>
<file href="story_content/67EnI2Y8qgN_80_DX1912_DY1912.swf"/>
<file href="mobile/67EnI2Y8qgN_80_DX1912_DY1912_CX867_CY607.png"/>
<file href="story_content/report.html"/>
<file href="story_content/6gBYlZScKkI_80_DX1198_DY1198.swf"/>
<file href="mobile/6gBYlZScKkI_80_DX1198_DY1198_CX253_CY896.png"/>
<file href="story_content/5p1vWhIlRTC_80_DX1150_DY1150.swf"/>
<file href="mobile/5p1vWhIlRTC_80_DX1150_DY1150_CX445_CY861.png"/>
<file href="meta.xml"/>
<file href="story_content/FontFactory.swf"/>
<file href="story_content/fonts.swf"/>
<file href="story_content/frame.xml"/>
<file href="story_content/frame.json"/>
<file href="story_content/user.js"/>
<file href="story.swf"/>
<file href="story_content/frame.swf"/>
<file href="story_content/slides/6mZQVZgtvgB.swf"/>
<file href="story_content/slides/5wfXSkaAeS6.swf"/>
<file href="story_content/slides/6dzLqa7w2Un.swf"/>
<file href="story_content/slides/6DnqTJJCPUB.swf"/>
<file href="story_content/slides/6pZ4DQdRecp.swf"/>
<file href="story_content/slides/5Wt7Qnr4JGb.swf"/>
<file href="story_content/slides/5aeEEw70qv3.swf"/>
<file href="story_content/slides/61lpNqTqHpB.swf"/>
<file href="story_content/slides/5maQKiNRPCX.swf"/>
<file href="story_content/slides/6cnj3uhAU1d.swf"/>
<file href="story_content/slides/5eyk5b6ShDX.swf"/>
<file href="story_content/slides/5qh0YNW20Nk.swf"/>
<file href="story_content/slides/5gOKwpBNgmY.swf"/>
<file href="story_content/slides/6VomH1LQtt0.swf"/>
<file href="story_content/slides/6fjq82AQFK5.swf"/>
<file href="story_content/slides/5VMmMOcHEKr.swf"/>
<file href="story_content/slides/6bWx4ylIgV6.swf"/>
<file href="story_content/slides/5lzIWaqxVR8.swf"/>
<file href="story_content/slides/6AL0t8GJDUV.swf"/>
<file href="story_content/slides/5uDMTDO9eko.swf"/>
<file href="story_content/slides/6l8zXz2SnCN.swf"/>
<file href="story_content/slides/6f7PXzjvawL.swf"/>
<file href="story_content/slides/6SvcC9oSGSd.swf"/>
<file href="story_content/data.swf"/>
<file href="html5/data/css/output.min.css"/>
<file href="html5/data/js/5aeEEw70qv3.js"/>
<file href="html5/data/js/5eyk5b6ShDX.js"/>
<file href="html5/data/js/5gOKwpBNgmY.js"/>
<file href="html5/data/js/5lzIWaqxVR8.js"/>
<file href="html5/data/js/5maQKiNRPCX.js"/>
<file href="html5/data/js/5qh0YNW20Nk.js"/>
<file href="html5/data/js/5uDMTDO9eko.js"/>
<file href="html5/data/js/5VMmMOcHEKr.js"/>
<file href="html5/data/js/5wfXSkaAeS6.js"/>
<file href="html5/data/js/5Wt7Qnr4JGb.js"/>
<file href="html5/data/js/61lpNqTqHpB.js"/>
<file href="html5/data/js/6AL0t8GJDUV.js"/>
<file href="html5/data/js/6bWx4ylIgV6.js"/>
<file href="html5/data/js/6cnj3uhAU1d.js"/>
<file href="html5/data/js/6DnqTJJCPUB.js"/>
<file href="html5/data/js/6dzLqa7w2Un.js"/>
<file href="html5/data/js/6f7PXzjvawL.js"/>
<file href="html5/data/js/6fjq82AQFK5.js"/>
<file href="html5/data/js/6l8zXz2SnCN.js"/>
<file href="html5/data/js/6mZQVZgtvgB.js"/>
<file href="html5/data/js/6pZ4DQdRecp.js"/>
<file href="html5/data/js/6SvcC9oSGSd.js"/>
<file href="html5/data/js/6VomH1LQtt0.js"/>
<file href="html5/data/js/data.js"/>
<file href="html5/data/js/frame.js"/>
<file href="html5/data/js/paths.js"/>
<file href="html5/lib/scripts/app.min.js"/>
<file href="html5/lib/stylesheets/main.min.css"/>
<file href="html5/lib/stylesheets/mobile-fonts/open-sans-bold.woff"/>
<file href="html5/lib/stylesheets/mobile-fonts/open-sans-light.woff"/>
<file href="html5/lib/stylesheets/mobile-fonts/open-sans-regular.woff"/>
<file href="story.html"/>
<file href="story_flash.html"/>
<file href="story_html5.html"/>
<file href="story_content/blank.html"/>
<file href="story_content/story.js"/>
<file href="index_lms.html"/>
<file href="index_lms_html5.html"/>
<file href="index_lms_flash.html"/>
<file href="lms/AICCComm.html"/>
<file href="lms/AICCFunctions.js"/>
<file href="lms/API.js"/>
<file href="lms/APIConstants.js"/>
<file href="lms/blank.html"/>
<file href="lms/browsersniff.js"/>
<file href="lms/Configuration.js"/>
<file href="lms/goodbye.html"/>
<file href="lms/lms.js"/>
<file href="lms/LMSAPI.js"/>
<file href="lms/NONEFunctions.js"/>
<file href="lms/SCORM2004Functions.js"/>
<file href="lms/SCORMFunctions.js"/>
<file href="lms/UtilityFunctions.js"/>
	    </resource>
	</resources>
</manifest>
