﻿<?xml version="1.0" encoding="utf-8"?><meta xmlns:xsi="http://www.w3.org/2001/XMLSchema-instance" xmlns:xsd="http://www.w3.org/2001/XMLSchema"><project id="6VOw0jxJUHr" courseid="6830YzfRc2D_course_id" thumburl="story_content/thumbnail.jpg" title="F&amp;B_C01_LM01_1" datepublished="2017-10-26T23:14:36" version="1.0.0.0" flashdata="story_content/data.swf" html5data="mobile/data.json" mobiledata="mobile/data.gz" enabledownload="false" duration="About 1 minute" totalaudio="0" totalvideo="0"><description>Practice Activity
Keywords: Food and Beverages</description><keywords>Food and Beverages</keywords><slidemeta moniker="slide" monikerplural="slides" viewslides="16" slidecountdescription="16 slides" /><author name="Miami Dade College" email="mdcinfo@mdc.edu" website="http://www.mdc.edu/" /><application name="Articulate Storyline" version="3.9.13567.0" xmlversion="4.0" /></project></meta>