﻿<?xml version="1.0" encoding="utf-8"?><meta xmlns:xsi="http://www.w3.org/2001/XMLSchema-instance" xmlns:xsd="http://www.w3.org/2001/XMLSchema"><project id="6H5vAvFesXt" courseid="F&amp;B_C06_LM05_1" thumburl="story_content/thumbnail.jpg" title="F&amp;B_C06_LM05_1" datepublished="2017-10-29T18:58:59" version="1.0.0.0" flashdata="story_content/data.swf" html5data="mobile/data.json" mobiledata="mobile/data.gz" enabledownload="false" duration="About 50 seconds" totalaudio="0" totalvideo="0"><description>Practice Activity</description><keywords>Food and Beverages</keywords><slidemeta moniker="slide" monikerplural="slides" viewslides="10" slidecountdescription="10 slides" /><author name="Miami Dade College" email="mdcinfo@mdc.edu" website="http://www.mdc.edu/" /><application name="Articulate Storyline" version="3.9.13567.0" xmlversion="4.0" /></project></meta>