﻿<?xml version="1.0" encoding="utf-8"?><meta xmlns:xsi="http://www.w3.org/2001/XMLSchema-instance" xmlns:xsd="http://www.w3.org/2001/XMLSchema"><project id="5whambR6BF5" courseid="5XGqjp4ABUJ_course_id" thumburl="story_content/thumbnail.jpg" title="F&amp;B_C05_LM01_1" datepublished="2017-10-26T23:42:18" version="1.0.0.0" flashdata="story_content/data.swf" html5data="mobile/data.json" mobiledata="mobile/data.gz" enabledownload="false" duration="About 45 seconds" totalaudio="0" totalvideo="0"><description>Practice Activity</description><keywords>Rooms Division</keywords><slidemeta moniker="slide" monikerplural="slides" viewslides="9" slidecountdescription="9 slides" /><author name="Miami Dade College" email="mdcinfo@mdc.edu" website="http://www.mdc.edu/" /><application name="Articulate Storyline" version="3.9.13567.0" xmlversion="4.0" /></project></meta>