﻿<?xml version="1.0" encoding="utf-8"?><meta xmlns:xsi="http://www.w3.org/2001/XMLSchema-instance" xmlns:xsd="http://www.w3.org/2001/XMLSchema"><project id="6Xd6zusHuB7" courseid="66krrgKClif_course_id" thumburl="story_content/thumbnail.jpg" title="F&amp;B_C06_LM04_1" datepublished="2017-10-29T19:00:02" version="1.0.0.0" flashdata="story_content/data.swf" html5data="mobile/data.json" mobiledata="mobile/data.gz" enabledownload="false" duration="About 36 seconds" totalaudio="0" totalvideo="0"><description>Practice Activity</description><keywords>Food and Beverages</keywords><slidemeta moniker="slide" monikerplural="slides" viewslides="7" slidecountdescription="7 slides" /><author name="Miami Dade College" email="mdcinfo@mdc.edu" website="http://www.mdc.edu/" /><application name="Articulate Storyline" version="3.9.13567.0" xmlversion="4.0" /></project></meta>