<?xml version="1.0" encoding="utf-8"?>
<manifest identifier="_5t5OYZkfwUs_course_id" version="1.0" xmlns="http://www.imsproject.org/xsd/imscp_rootv1p1p2" xmlns:adlcp="http://www.adlnet.org/xsd/adlcp_rootv1p2" xmlns:xsi="http://www.w3.org/2001/XMLSchema-instance" xsi:schemaLocation="http://www.imsproject.org/xsd/imscp_rootv1p1p2 imscp_rootv1p1p2.xsd http://www.imsglobal.org/xsd/imsmd_rootv1p2p1 imsmd_rootv1p2p1.xsd http://www.adlnet.org/xsd/adlcp_rootv1p2 adlcp_rootv1p2.xsd">
  <metadata>
    <schema>ADL SCORM</schema>
    <schemaversion>1.2</schemaversion>
    <lom xmlns="http://www.imsglobal.org/xsd/imsmd_rootv1p2p1" xmlns:xsi="http://www.w3.org/2001/XMLSchema-instance" xsi:schemaLocation="http://www.imsglobal.org/xsd/imsmd_rootv1p2p1 imsmd_rootv1p2p1.xsd">
      <general>
        <title>
          <langstring xml:lang="x-none">F&amp;B_C04_LM05_2</langstring>
        </title>
      </general>
      <lifecycle>
        <version>
          <langstring xml:lang="x-none">1</langstring>
        </version>
        <status>
          <source>
            <langstring xml:lang="x-none">LOMv1.0</langstring>
          </source>
          <value>
            <langstring xml:lang="x-none">Final</langstring>
          </value>
        </status>
      </lifecycle>
      <metametadata>
        <metadatascheme>ADL SCORM 1.2</metadatascheme>
      </metametadata>
      <educational>
        <typicallearningtime>
          <datetime>PT0H0M0S</datetime>
        </typicallearningtime>
      </educational>
      <rights>
        <cost>
          <source>
            <langstring xml:lang="x-none">LOMv1.0</langstring>
          </source>
          <value>
            <langstring xml:lang="x-none">yes</langstring>
          </value>
        </cost>
        <copyrightandotherrestrictions>
          <source>
            <langstring xml:lang="x-none">LOMv1.0</langstring>
          </source>
          <value>
            <langstring xml:lang="x-none">yes</langstring>
          </value>
        </copyrightandotherrestrictions>
      </rights>
    </lom>
  </metadata>
  <organizations default="F&amp;B_C04_LM05_2_ORG">
    <organization identifier="F&amp;B_C04_LM05_2_ORG">
      <title>F&amp;B_C04_LM05_2</title>
      <item identifier="F&amp;B_C04_LM05_2_SCO" isvisible="true" identifierref="__5t5OYZkfwUs_course_id_RES">
        <title>F&amp;B_C04_LM05_2</title>
        <adlcp:masteryscore>80</adlcp:masteryscore>
      </item>
    </organization>
  </organizations>
  <resources>
    <resource identifier="__5t5OYZkfwUs_course_id_RES" type="webcontent" href="index_lms.html" adlcp:scormtype="sco">
      <file href="story_content/thumbnail.jpg" />
      <file href="story_content/67EnI2Y8qgN_80_P_176_148_646_259_DX1912_DY1912.swf" />
      <file href="mobile/67EnI2Y8qgN_80_P_176_148_646_259_DX1912_DY1912_CX646_CY260.png" />
      <file href="story_content/6mTr4huG97X_80_DX1058_DY1058.swf" />
      <file href="mobile/6mTr4huG97X_80_DX1058_DY1058_CX511_CY791.png" />
      <file href="story_content/6gBYlZScKkI_80_DX1198_DY1198.swf" />
      <file href="mobile/6gBYlZScKkI_80_DX1198_DY1198_CX253_CY896.png" />
      <file href="story_content/5p1vWhIlRTC_80_DX1078_DY1078.swf" />
      <file href="mobile/5p1vWhIlRTC_80_DX1078_DY1078_CX417_CY808.png" />
      <file href="meta.xml" />
      <file href="story_content/FontFactory.swf" />
      <file href="story_content/fonts.swf" />
      <file href="story_content/frame.xml" />
      <file href="story_content/frame.json" />
      <file href="story_content/user.js" />
      <file href="story.swf" />
      <file href="story_content/frame.swf" />
      <file href="story_content/slides/5py1Ql4LsZu.swf" />
      <file href="story_content/slides/69SxNbp3RSo.swf" />
      <file href="story_content/slides/5wyIzHssg7V.swf" />
      <file href="story_content/slides/5trRApigukV.swf" />
      <file href="story_content/slides/5kNYcSXPZcp.swf" />
      <file href="story_content/slides/5rKVF5UCwN0.swf" />
      <file href="story_content/slides/6UDxGsTdl1M.swf" />
      <file href="story_content/slides/686fJlIRzeX.swf" />
      <file href="story_content/data.swf" />
      <file href="html5/data/css/output.min.css" />
      <file href="html5/data/js/5kNYcSXPZcp.js" />
      <file href="html5/data/js/5py1Ql4LsZu.js" />
      <file href="html5/data/js/5rKVF5UCwN0.js" />
      <file href="html5/data/js/5trRApigukV.js" />
      <file href="html5/data/js/5wyIzHssg7V.js" />
      <file href="html5/data/js/686fJlIRzeX.js" />
      <file href="html5/data/js/69SxNbp3RSo.js" />
      <file href="html5/data/js/6UDxGsTdl1M.js" />
      <file href="html5/data/js/data.js" />
      <file href="html5/data/js/frame.js" />
      <file href="html5/data/js/paths.js" />
      <file href="html5/lib/scripts/app.min.js" />
      <file href="html5/lib/stylesheets/main.min.css" />
      <file href="html5/lib/stylesheets/mobile-fonts/open-sans-bold.woff" />
      <file href="html5/lib/stylesheets/mobile-fonts/open-sans-light.woff" />
      <file href="html5/lib/stylesheets/mobile-fonts/open-sans-regular.woff" />
      <file href="story.html" />
      <file href="story_flash.html" />
      <file href="story_html5.html" />
      <file href="story_content/blank.html" />
      <file href="story_content/story.js" />
      <file href="index_lms.html" />
      <file href="index_lms_html5.html" />
      <file href="index_lms_flash.html" />
      <file href="lms/AICCComm.html" />
      <file href="lms/AICCFunctions.js" />
      <file href="lms/API.js" />
      <file href="lms/APIConstants.js" />
      <file href="lms/blank.html" />
      <file href="lms/browsersniff.js" />
      <file href="lms/Configuration.js" />
      <file href="lms/goodbye.html" />
      <file href="lms/lms.js" />
      <file href="lms/LMSAPI.js" />
      <file href="lms/NONEFunctions.js" />
      <file href="lms/SCORM2004Functions.js" />
      <file href="lms/SCORMFunctions.js" />
      <file href="lms/UtilityFunctions.js" />
    </resource>
  </resources>
</manifest>